Categoría de Antigüedad,Promedio de Precio
Reciente,950965.4844006568
Medio,505398.9609187521
Antiguo,165265.0909090909
