Categoría de Precio,Promedio de Precio
Caro,861298.4953027139
Medio,244488.55275665398
Barato,72689.690625
